haps,tool,memory,time
1,odgi viz,1.0401276,4.143
1,vg viz,7.0868568,43.401
2,odgi viz,1.1399148,5.303
2,vg viz,9.6889932,57.94
4,odgi viz,1.2726568,7.852
4,vg viz,14.047634,76.151
8,odgi viz,1.5252528,12.951
8,vg viz,21.839728,109.16
16,odgi viz,1.8844984,22.334
16,vg viz,36.9709848,170.72
32,odgi viz,2.8689692,49.236
32,vg viz,69.8805692,303.397
64,odgi viz,4.7780848,102.816
64,vg viz,127.3594708,543.5
